/*
 Navicat Premium Data Transfer

 Source Server         : localhost
 Source Server Type    : MariaDB
 Source Server Version : 100420
 Source Host           : localhost:3306
 Source Schema         : presensigps

 Target Server Type    : MariaDB
 Target Server Version : 100420
 File Encoding         : 65001

 Date: 22/02/2024 12:46:45
*/

SET NAMES utf8mb4;
SET FOREIGN_KEY_CHECKS = 0;

-- ----------------------------
-- Table structure for cabang
-- ----------------------------
DROP TABLE IF EXISTS `cabang`;
CREATE TABLE `cabang`  (
  `kode_cabang` char(255) CHARACTER SET utf8mb4 COLLATE utf8mb4_general_ci NOT NULL,
  `nama_cabang` varchar(255) CHARACTER SET utf8mb4 COLLATE utf8mb4_general_ci NOT NULL,
  `lokasi_cabang` varchar(255) CHARACTER SET utf8mb4 COLLATE utf8mb4_general_ci NOT NULL,
  `radius_cabang` int(255) NOT NULL,
  PRIMARY KEY (`kode_cabang`) USING BTREE
) ENGINE = InnoDB CHARACTER SET = utf8mb4 COLLATE = utf8mb4_general_ci ROW_FORMAT = Dynamic;

-- ----------------------------
-- Records of cabang
-- ----------------------------
INSERT INTO `cabang` VALUES ('JKT', 'JAKARTA', '-8.59251035890902,116.0973841', 20);
INSERT INTO `cabang` VALUES ('MTR', 'Mataram', '-8.592313731512958,116.09724612297573', 30);

-- ----------------------------
-- Table structure for departemen
-- ----------------------------
DROP TABLE IF EXISTS `departemen`;
CREATE TABLE `departemen`  (
  `kode_dept` char(255) CHARACTER SET utf8mb4 COLLATE utf8mb4_general_ci NOT NULL,
  `nama_dept` varchar(255) CHARACTER SET utf8mb4 COLLATE utf8mb4_general_ci NULL DEFAULT NULL,
  PRIMARY KEY (`kode_dept`) USING BTREE
) ENGINE = InnoDB CHARACTER SET = utf8mb4 COLLATE = utf8mb4_general_ci ROW_FORMAT = Dynamic;

-- ----------------------------
-- Records of departemen
-- ----------------------------
INSERT INTO `departemen` VALUES ('GAF', 'General Affair Edit');
INSERT INTO `departemen` VALUES ('HRD', 'Human Resource Development');
INSERT INTO `departemen` VALUES ('IT', 'Information Technology');
INSERT INTO `departemen` VALUES ('KEU', 'Keuangan');
INSERT INTO `departemen` VALUES ('MKT', 'Marketing');

-- ----------------------------
-- Table structure for jam_kerja
-- ----------------------------
DROP TABLE IF EXISTS `jam_kerja`;
CREATE TABLE `jam_kerja`  (
  `kode_jam_kerja` char(255) CHARACTER SET utf8mb4 COLLATE utf8mb4_general_ci NOT NULL,
  `nama_jam_kerja` varchar(255) CHARACTER SET utf8mb4 COLLATE utf8mb4_general_ci NULL DEFAULT NULL,
  `awal_jam_masuk` time(0) NULL DEFAULT NULL,
  `jam_masuk` time(0) NULL DEFAULT NULL,
  `akhir_jam_masuk` time(0) NULL DEFAULT NULL,
  `jam_pulang` time(0) NULL DEFAULT NULL,
  PRIMARY KEY (`kode_jam_kerja`) USING BTREE
) ENGINE = InnoDB CHARACTER SET = utf8mb4 COLLATE = utf8mb4_general_ci ROW_FORMAT = Dynamic;

-- ----------------------------
-- Records of jam_kerja
-- ----------------------------
INSERT INTO `jam_kerja` VALUES ('MTR02', 'SHIFT01', '06:30:00', '07:00:00', '08:00:00', '15:00:00');
INSERT INTO `jam_kerja` VALUES ('REGS1', 'REGULER SABTU', '06:30:00', '07:00:00', '13:00:00', '13:30:00');

-- ----------------------------
-- Table structure for karyawan
-- ----------------------------
DROP TABLE IF EXISTS `karyawan`;
CREATE TABLE `karyawan`  (
  `nik` char(15) CHARACTER SET utf8mb4 COLLATE utf8mb4_general_ci NOT NULL,
  `nama_lengkap` varchar(255) CHARACTER SET utf8mb4 COLLATE utf8mb4_general_ci NOT NULL,
  `jabatan` varchar(20) CHARACTER SET utf8mb4 COLLATE utf8mb4_general_ci NOT NULL,
  `no_hp` varchar(13) CHARACTER SET utf8mb4 COLLATE utf8mb4_general_ci NOT NULL,
  `password` text CHARACTER SET utf8mb4 COLLATE utf8mb4_general_ci NOT NULL,
  `remember_token` varchar(255) CHARACTER SET utf8mb4 COLLATE utf8mb4_general_ci NULL DEFAULT NULL,
  `foto` text CHARACTER SET utf8mb4 COLLATE utf8mb4_general_ci NULL DEFAULT NULL,
  `kode_dept` varchar(255) CHARACTER SET utf8mb4 COLLATE utf8mb4_general_ci NULL DEFAULT NULL,
  `kode_cabang` varchar(255) CHARACTER SET utf8mb4 COLLATE utf8mb4_general_ci NULL DEFAULT NULL,
  PRIMARY KEY (`nik`) USING BTREE
) ENGINE = InnoDB CHARACTER SET = utf8mb4 COLLATE = utf8mb4_general_ci ROW_FORMAT = Dynamic;

-- ----------------------------
-- Records of karyawan
-- ----------------------------
INSERT INTO `karyawan` VALUES ('12311', 'Roody', 'Staff Marketing', '098123', '$2y$10$d6O0Vf.r2jgr8RnzTsAATe47KtM3cyPEmEOIcI.nOMtALyMfEma82', NULL, NULL, 'MKT', 'MTR');
INSERT INTO `karyawan` VALUES ('12345', 'Eko Rizkianto Mamat', 'Head Of IT', '087865249079', '$2y$10$d6O0Vf.r2jgr8RnzTsAATe47KtM3cyPEmEOIcI.nOMtALyMfEma82', NULL, '12345.jpeg', 'IT', 'JKT');
INSERT INTO `karyawan` VALUES ('12346', 'Wahyudianto', 'HRD Manager', '087865249072', '$2y$10$d6O0Vf.r2jgr8RnzTsAATe47KtM3cyPEmEOIcI.nOMtALyMfEma82', NULL, NULL, 'HRD', 'JKT');
INSERT INTO `karyawan` VALUES ('12347', 'Memet', 'Accounting', '087865249072', '$2y$10$d6O0Vf.r2jgr8RnzTsAATe47KtM3cyPEmEOIcI.nOMtALyMfEma82', NULL, '12347.jpeg', 'KEU', 'JKT');
INSERT INTO `karyawan` VALUES ('1991', 'M.Ilyas', 'Pelaksana', '087865349072', '$2y$10$d6O0Vf.r2jgr8RnzTsAATe47KtM3cyPEmEOIcI.nOMtALyMfEma82', NULL, '19973654321.jpeg', 'IT', 'MTR');

-- ----------------------------
-- Table structure for konfigurasi_jamkerja
-- ----------------------------
DROP TABLE IF EXISTS `konfigurasi_jamkerja`;
CREATE TABLE `konfigurasi_jamkerja`  (
  `nik` char(255) CHARACTER SET utf8mb4 COLLATE utf8mb4_general_ci NULL DEFAULT NULL,
  `hari` varchar(255) CHARACTER SET utf8mb4 COLLATE utf8mb4_general_ci NULL DEFAULT NULL,
  `kode_jam_kerja` char(255) CHARACTER SET utf8mb4 COLLATE utf8mb4_general_ci NULL DEFAULT NULL
) ENGINE = InnoDB CHARACTER SET = utf8mb4 COLLATE = utf8mb4_general_ci ROW_FORMAT = Dynamic;

-- ----------------------------
-- Records of konfigurasi_jamkerja
-- ----------------------------
INSERT INTO `konfigurasi_jamkerja` VALUES ('12345', 'Senin', 'REGS1');
INSERT INTO `konfigurasi_jamkerja` VALUES ('12345', 'Selasa', 'REGS1');
INSERT INTO `konfigurasi_jamkerja` VALUES ('12345', 'Rabu', 'REGS1');
INSERT INTO `konfigurasi_jamkerja` VALUES ('12345', 'Kamis', 'REGS1');
INSERT INTO `konfigurasi_jamkerja` VALUES ('12345', 'Jumat', 'REGS1');
INSERT INTO `konfigurasi_jamkerja` VALUES ('12345', 'Sabtu', 'REGS1');
INSERT INTO `konfigurasi_jamkerja` VALUES ('1991', 'Senin', 'MTR02');
INSERT INTO `konfigurasi_jamkerja` VALUES ('1991', 'Selasa', 'REGS1');
INSERT INTO `konfigurasi_jamkerja` VALUES ('1991', 'Rabu', 'MTR02');
INSERT INTO `konfigurasi_jamkerja` VALUES ('1991', 'Kamis', 'REGS1');
INSERT INTO `konfigurasi_jamkerja` VALUES ('1991', 'Jumat', 'MTR02');
INSERT INTO `konfigurasi_jamkerja` VALUES ('1991', 'Sabtu', 'REGS1');

-- ----------------------------
-- Table structure for konfigurasi_lokasi
-- ----------------------------
DROP TABLE IF EXISTS `konfigurasi_lokasi`;
CREATE TABLE `konfigurasi_lokasi`  (
  `id` int(11) NOT NULL AUTO_INCREMENT,
  `lokasi_kantor` varchar(255) CHARACTER SET utf8mb4 COLLATE utf8mb4_general_ci NULL DEFAULT NULL,
  `radius` varchar(255) CHARACTER SET utf8mb4 COLLATE utf8mb4_general_ci NULL DEFAULT NULL,
  PRIMARY KEY (`id`) USING BTREE
) ENGINE = InnoDB AUTO_INCREMENT = 2 CHARACTER SET = utf8mb4 COLLATE = utf8mb4_general_ci ROW_FORMAT = Dynamic;

-- ----------------------------
-- Records of konfigurasi_lokasi
-- ----------------------------
INSERT INTO `konfigurasi_lokasi` VALUES (1, '-8.592431342684229,116.09737843303738', '30');

-- ----------------------------
-- Table structure for pengajuan_izin
-- ----------------------------
DROP TABLE IF EXISTS `pengajuan_izin`;
CREATE TABLE `pengajuan_izin`  (
  `id` int(11) NOT NULL AUTO_INCREMENT,
  `nik` char(255) CHARACTER SET utf8mb4 COLLATE utf8mb4_general_ci NULL DEFAULT NULL,
  `tgl_izin` date NULL DEFAULT NULL,
  `status` char(255) CHARACTER SET utf8mb4 COLLATE utf8mb4_general_ci NULL DEFAULT NULL COMMENT 'i:izin s:sakit',
  `keterangan` varchar(255) CHARACTER SET utf8mb4 COLLATE utf8mb4_general_ci NULL DEFAULT NULL,
  `status_approved` char(255) CHARACTER SET utf8mb4 COLLATE utf8mb4_general_ci NOT NULL DEFAULT '0' COMMENT '0:Pending 1:Disetujui 2:Ditolak',
  PRIMARY KEY (`id`) USING BTREE
) ENGINE = InnoDB AUTO_INCREMENT = 9 CHARACTER SET = utf8mb4 COLLATE = utf8mb4_general_ci ROW_FORMAT = Dynamic;

-- ----------------------------
-- Records of pengajuan_izin
-- ----------------------------
INSERT INTO `pengajuan_izin` VALUES (4, '12345', '2024-01-24', 'i', 'Jenguk Saudara Sakit', '0');
INSERT INTO `pengajuan_izin` VALUES (5, '12345', '2024-01-24', 's', 'Sakit Tipes', '0');
INSERT INTO `pengajuan_izin` VALUES (6, '12345', '2024-01-24', 'i', 'Mau pulkam', '0');
INSERT INTO `pengajuan_izin` VALUES (7, '12346', '2024-02-14', 'i', 'Ke acara nikahan saudara', '1');
INSERT INTO `pengajuan_izin` VALUES (8, '12346', '2024-02-13', 's', 'Batuk', '2');

-- ----------------------------
-- Table structure for presensi
-- ----------------------------
DROP TABLE IF EXISTS `presensi`;
CREATE TABLE `presensi`  (
  `id` int(11) NOT NULL AUTO_INCREMENT,
  `nik` char(10) CHARACTER SET utf8mb4 COLLATE utf8mb4_general_ci NULL DEFAULT NULL,
  `tgl_presensi` date NULL DEFAULT NULL,
  `jam_in` time(0) NULL DEFAULT NULL,
  `jam_out` time(0) NULL DEFAULT NULL,
  `foto_in` varchar(255) CHARACTER SET utf8mb4 COLLATE utf8mb4_general_ci NULL DEFAULT NULL,
  `foto_out` varchar(255) CHARACTER SET utf8mb4 COLLATE utf8mb4_general_ci NULL DEFAULT NULL,
  `lokasi_in` text CHARACTER SET utf8mb4 COLLATE utf8mb4_general_ci NULL DEFAULT NULL,
  `lokasi_out` text CHARACTER SET utf8mb4 COLLATE utf8mb4_general_ci NULL DEFAULT NULL,
  PRIMARY KEY (`id`) USING BTREE
) ENGINE = InnoDB AUTO_INCREMENT = 51 CHARACTER SET = utf8mb4 COLLATE = utf8mb4_general_ci ROW_FORMAT = Dynamic;

-- ----------------------------
-- Records of presensi
-- ----------------------------
INSERT INTO `presensi` VALUES (31, '12345', '2024-01-01', '06:17:06', '16:19:33', '12345-2024-01-15-in.png', '12345-2024-01-15-out.png', '-8.5924306 , 116.0973842', '-8.5924351 , 116.0973728');
INSERT INTO `presensi` VALUES (32, '12346', '2024-01-23', '06:46:02', '08:47:29', '12345-2024-01-16-in.png', '12345-2024-01-16-out.png', '-8.5924733 , 116.0974212', '-8.5924723 , 116.0974207');
INSERT INTO `presensi` VALUES (33, '12346', '2024-01-24', '12:07:23', '00:00:00', '12346-2024-01-16-in.png', NULL, '-8.5924798 , 116.0974125', NULL);
INSERT INTO `presensi` VALUES (34, '12345', '2024-01-24', '11:14:50', '11:34:21', '12345-2024-01-18-in.png', '12345-2024-01-18-out.png', '-8.5919604 , 116.0977311', '-8.5919663 , 116.0977163');
INSERT INTO `presensi` VALUES (35, '12345', '2024-01-24', '09:00:15', '09:01:07', '12345-2024-01-19-in.png', '12345-2024-01-19-out.png', '-8.592475 , 116.0974291', '-8.592471 , 116.0974225');
INSERT INTO `presensi` VALUES (36, '12345', '2024-01-24', '05:06:29', '00:00:00', '12345-2024-01-20-in.png', NULL, '-8.5652286 , 116.1421924', NULL);
INSERT INTO `presensi` VALUES (38, '12345', '2024-02-01', '07:57:50', NULL, '12345-2024-02-01-in.png', NULL, '-8.5924275 , 116.0973809', NULL);
INSERT INTO `presensi` VALUES (39, '12346', '2024-02-01', '10:02:19', NULL, '12346-2024-02-01-in.png', NULL, '-8.5924344 , 116.0974011', NULL);
INSERT INTO `presensi` VALUES (40, '12347', '2024-02-01', '10:05:35', '10:16:17', '12347-2024-02-01-in.png', '12347-2024-02-01-out.png', '-8.5924283 , 116.0973802', '-8.5924343 , 116.097398');
INSERT INTO `presensi` VALUES (41, '12345', '2024-02-05', '15:49:18', '16:56:20', '12345-2024-02-05-in.png', '12345-2024-02-05-out.png', '-8.5924293 , 116.0973902', '-8.5924284 , 116.0973883');
INSERT INTO `presensi` VALUES (42, '12346', '2024-02-05', '16:56:51', '16:57:11', '12346-2024-02-05-in.png', '12346-2024-02-05-out.png', '-8.5924239 , 116.0973803', '-8.5924286 , 116.0973835');
INSERT INTO `presensi` VALUES (43, '12346', '2024-02-07', '07:48:52', '16:09:33', '12346-2024-02-07-in.png', '12346-2024-02-07-out.png', '-8.5924405 , 116.097383', '-8.5924341 , 116.0973995');
INSERT INTO `presensi` VALUES (44, '12345', '2024-02-13', '08:31:23', NULL, '12345-2024-02-13-in.png', NULL, '-8.5924573 , 116.0974343', NULL);
INSERT INTO `presensi` VALUES (45, '12346', '2024-02-15', '07:46:34', NULL, '12346-2024-02-15-in.png', NULL, '-8.5924242 , 116.0973819', NULL);
INSERT INTO `presensi` VALUES (46, '12346', '2024-02-19', '07:59:59', '16:41:54', '12346-2024-02-19-in.png', '12346-2024-02-19-out.png', '-8.592434 , 116.0973814', '-8.5924373 , 116.0973853');
INSERT INTO `presensi` VALUES (47, '12346', '2024-02-20', '07:35:55', NULL, '12346-2024-02-20-in.png', NULL, '-8.592431 , 116.0973746', NULL);
INSERT INTO `presensi` VALUES (49, '12345', '2024-02-20', '14:30:48', NULL, '12345-2024-02-20-in.png', NULL, '-8.5924347 , 116.0973826', NULL);
INSERT INTO `presensi` VALUES (50, '1991', '2024-02-20', '14:36:03', NULL, '1991-2024-02-20-in.png', NULL, '-8.5924303 , 116.0973789', NULL);

-- ----------------------------
-- Table structure for users
-- ----------------------------
DROP TABLE IF EXISTS `users`;
CREATE TABLE `users`  (
  `id` bigint(20) UNSIGNED NOT NULL AUTO_INCREMENT,
  `name` varchar(255) CHARACTER SET utf8mb4 COLLATE utf8mb4_unicode_ci NOT NULL,
  `email` varchar(255) CHARACTER SET utf8mb4 COLLATE utf8mb4_unicode_ci NOT NULL,
  `email_verified_at` timestamp(0) NULL DEFAULT NULL,
  `password` text CHARACTER SET utf8mb4 COLLATE utf8mb4_unicode_ci NOT NULL,
  `remember_token` varchar(100) CHARACTER SET utf8mb4 COLLATE utf8mb4_unicode_ci NULL DEFAULT NULL,
  `created_at` timestamp(0) NULL DEFAULT NULL,
  `updated_at` timestamp(0) NULL DEFAULT NULL,
  PRIMARY KEY (`id`) USING BTREE,
  UNIQUE INDEX `users_email_unique`(`email`) USING BTREE
) ENGINE = InnoDB AUTO_INCREMENT = 2 CHARACTER SET = utf8mb4 COLLATE = utf8mb4_unicode_ci ROW_FORMAT = Dynamic;

-- ----------------------------
-- Records of users
-- ----------------------------
INSERT INTO `users` VALUES (1, 'Adam NBC', 'adams@gmail.com', '2024-01-23 08:05:54', '$2y$10$V.Es3WiUs2U1xnlnOmw/lOoisLQMbRvBYTZa6eqCMKM65sznly3S.', NULL, NULL, NULL);

SET FOREIGN_KEY_CHECKS = 1;
